title,link,source,date,snippet,thumbnail
,,,,,
本地｜李家超祝市民中秋節快樂 人月兩團圓,https://hk.finance.yahoo.com/news/%E6%9C%AC%E5%9C%B0-%E6%9D%8E%E5%AE%B6%E8%B6%85%E7%A5%9D%E5%B8%82%E6%B0%91%E4%B8%AD%E7%A7%8B%E7%AF%80%E5%BF%AB%E6%A8%82-%E4%BA%BA%E6%9C%88%E5%85%A9%E5%9C%98%E5%9C%93-050917999.html,"{'name': 'Yahoo 財經', 'icon': 'https://encrypted-tbn1.gstatic.com/faviconV2?url=https://hk.finance.yahoo.com&client=NEWS_360&size=96&type=FAVICON&fallback_opts=TYPE,SIZE,URL'}","10/06/2025, 05:09 AM, +0000 UTC",,https://s.yimg.com/ny/api/res/1.2/tzBt7nUJA.ZwvW1_PhyZkw--/YXBwaWQ9aGlnaGxhbmRlcjt3PTY0MDtoPTMzNQ--/https://media.zenfs.com/en/fortune_insight_694/dbddec0f78d2a1ab4bc25a6950c04ffb
中秋節逢年度大潮澎湖低窪水位一度達警戒| 地方,https://www.cna.com.tw/news/aloc/202510060075.aspx,"{'name': '中央社 CNA', 'icon': 'https://encrypted-tbn0.gstatic.com/faviconV2?url=https://www.cna.com.tw&client=NEWS_360&size=96&type=FAVICON&fallback_opts=TYPE,SIZE,URL'}","10/06/2025, 04:44 AM, +0000 UTC",,https://imgcdn.cna.com.tw/www/WebPhotos/800/20251006/1431x768_wmky_0_C20251006000037.jpg
8旬嬤秋節前夕大迷途！烏日警4hrs搜50公里外　Google街景助團圓,https://www.ettoday.net/news/20251006/3045662.htm,"{'name': 'ETtoday新聞雲', 'icon': 'https://encrypted-tbn1.gstatic.com/faviconV2?url=https://www.ettoday.net&client=NEWS_360&size=96&type=FAVICON&fallback_opts=TYPE,SIZE,URL'}","10/06/2025, 04:53 AM, +0000 UTC",,https://cdn2.ettoday.net/images/8432/e8432756.jpg
,,,,,
,,,,,
,,,,,
,,,,,
CZ趙長鵬向社群送出中秋節祝福，征集最有創意「中秋 meme」,https://www.blocktempo.com/cz-is-collecting-mid-autumn-festival-memes-from-the-community/,"{'name': '動區動趨', 'icon': 'https://encrypted-tbn1.gstatic.com/faviconV2?url=https://www.blocktempo.com&client=NEWS_360&size=96&type=FAVICON&fallback_opts=TYPE,SIZE,URL'}","10/06/2025, 03:18 AM, +0000 UTC",,https://image.blocktempo.com/2025/10/bfbdcdd9c0d587b7d485ae693187b573-1.jpg
中秋節伙房音樂會 五溝水在地企業家饋鄉里,https://www.hakkatv.org.tw/news-detail/1759637410902664,"{'name': 'hakkatv.org.tw', 'icon': 'https://encrypted-tbn2.gstatic.com/faviconV2?url=https://www.hakkatv.org.tw&client=NEWS_360&size=96&type=FAVICON&fallback_opts=TYPE,SIZE,URL'}","10/05/2025, 07:01 AM, +0000 UTC",,https://i.ytimg.com/vi/Hx3nsxUOzXw/mqdefault.jpg
中秋節開運日來了！這4生肖旺翻天 12禁忌別踩雷,https://tw.news.yahoo.com/%E4%B8%AD%E7%A7%8B%E7%AF%80%E9%96%8B%E9%81%8B%E6%97%A5%E4%BE%86%E4%BA%86-%E9%80%994%E7%94%9F%E8%82%96%E6%97%BA%E7%BF%BB%E5%A4%A9-12%E7%A6%81%E5%BF%8C%E5%88%A5%E8%B8%A9%E9%9B%B7-043840739.html,"{'name': '奇摩新聞', 'icon': 'https://encrypted-tbn1.gstatic.com/faviconV2?url=https://tw.news.yahoo.com&client=NEWS_360&size=96&type=FAVICON&fallback_opts=TYPE,SIZE,URL'}","10/06/2025, 04:38 AM, +0000 UTC",,https://s.yimg.com/ny/api/res/1.2/YOqIi81zTox_Oi5vzNaeHA--/YXBwaWQ9aGlnaGxhbmRlcjt3PTY0MDtoPTM2MA--/https://media.zenfs.com/it/innews_com_tw_7/4c2763ea078e5b10981c73b914376c75
2025「中秋節」遇「天赦日」！10/6是大吉日4步驟能改運，錯過這天要再等62年,https://www.elle.com/tw/life/hot-news/g68142181/moon-festival-pray/,"{'name': 'ELLE', 'icon': 'https://encrypted-tbn3.gstatic.com/faviconV2?url=https://www.elle.com&client=NEWS_360&size=96&type=FAVICON&fallback_opts=TYPE,SIZE,URL'}","10/06/2025, 03:35 AM, +0000 UTC",,"https://hips.hearstapps.com/hmg-prod/images/100101-68dcf908da6ce.png?crop=0.497xw:0.993xh;0.503xw,0.00680xh&resize=640:*"
2025中秋節連假有垃圾車嗎？全台垃圾車清運時間總整理,https://www.businessweekly.com.tw/style/blog/3019636,"{'name': '商周', 'icon': 'https://encrypted-tbn0.gstatic.com/faviconV2?url=https://www.businessweekly.com.tw&client=NEWS_360&size=96&type=FAVICON&fallback_opts=TYPE,SIZE,URL'}","10/06/2025, 12:17 AM, +0000 UTC",,https://ibw.bwnet.com.tw/ac_gallery/2025/10/a038f181-e8d4-446e-c6b9-c13604cc9d9b_620.jpg
2025中秋巧逢天赦日！解析中秋十大禁忌+習俗、祈福招財重點,https://www.harpersbazaar.com/tw/life/relationship/a65929658/moon-festival-taboo/,"{'name': ""Harper's BAZAAR"", 'icon': 'https://encrypted-tbn1.gstatic.com/faviconV2?url=https://www.harpersbazaar.com&client=NEWS_360&size=96&type=FAVICON&fallback_opts=TYPE,SIZE,URL'}","10/06/2025, 01:28 AM, +0000 UTC",,"https://hips.hearstapps.com/hmg-prod/images/traditional-chinese-lanterns-decoration-in-mid-royalty-free-image-1759308717.pjpeg?crop=0.650xw:0.975xh;0.215xw,0.0250xh&resize=640:*"
114年中秋節連假第2日蘇花路廊全線順暢,https://www.thb.gov.tw/News_Content_Table.aspx?n=7839&s=282591,"{'name': 'thb.gov.tw', 'icon': 'https://encrypted-tbn1.gstatic.com/faviconV2?url=https://www.thb.gov.tw&client=NEWS_360&size=96&type=FAVICON&fallback_opts=TYPE,SIZE,URL'}","10/05/2025, 11:22 PM, +0000 UTC",,https://ws.thb.gov.tw/001/Upload/462/relpic/13366/282591/034bb709-9214-42d3-bbdb-dbae6d81e525.jpg
【2025年10月活動推薦】中秋節、國慶日、萬聖節、嘉義光織影舞、頭城煙火節、芒花季...全台熱門活動一次看！(不斷更新) |【玩樂行事曆】,https://tw.news.yahoo.com/%E3%80%902025%E5%B9%B410%E6%9C%88%E6%B4%BB%E5%8B%95%E6%8E%A8%E8%96%A6%E3%80%91%E4%B8%AD%E7%A7%8B%E7%AF%80%E3%80%81%E5%9C%8B%E6%85%B6%E6%97%A5%E3%80%81%E8%90%AC%E8%81%96%E7%AF%80%E3%80%81%E5%98%89%E7%BE%A9%E5%85%89%E7%B9%94%E5%BD%B1%E8%88%9E%E3%80%81%E9%A0%AD%E5%9F%8E%E7%85%99%E7%81%AB%E7%AF%80%E3%80%81%E8%8A%92%E8%8A%B1%E5%AD%A3%E5%85%A8%E5%8F%B0%E7%86%B1%E9%96%80%E6%B4%BB%E5%8B%95%E4%B8%80%E6%AC%A1%E7%9C%8B%EF%BC%81%E4%B8%8D%E6%96%B7%E6%9B%B4%E6%96%B0-%E3%80%90%E7%8E%A9%E6%A8%82%E8%A1%8C%E4%BA%8B%E6%9B%86%E3%80%91-000025469.html,"{'name': '奇摩新聞', 'icon': 'https://encrypted-tbn1.gstatic.com/faviconV2?url=https://tw.news.yahoo.com&client=NEWS_360&size=96&type=FAVICON&fallback_opts=TYPE,SIZE,URL'}","10/06/2025, 12:14 AM, +0000 UTC",,https://s.yimg.com/os/creatr-uploaded-images/2025-09/fb856000-9497-11f0-bdcd-452d95cf56fa
中秋節拜月老特別靈驗？10/6農曆八月十五日是月老生日，拜月老供品、流程、要說什麼、條件清單,https://www.elle.com/tw/life/hot-news/g68124515/moon-festival-chinese-cupid-1759201481/,"{'name': 'ELLE', 'icon': 'https://encrypted-tbn3.gstatic.com/faviconV2?url=https://www.elle.com&client=NEWS_360&size=96&type=FAVICON&fallback_opts=TYPE,SIZE,URL'}","10/06/2025, 01:34 AM, +0000 UTC",,"https://hips.hearstapps.com/hmg-prod/images/collage-66e2853f07b39.png?crop=0.492xw:0.984xh;0.00160xw,0.00962xh&resize=640:*"
10/6天赦日+中秋節+土地公生日！解析2025最強補運、招財法一次看,https://www.harpersbazaar.com/tw/life/relationship/g68147040/moon-festival-and-convert-lucky-days/,"{'name': ""Harper's BAZAAR"", 'icon': 'https://encrypted-tbn1.gstatic.com/faviconV2?url=https://www.harpersbazaar.com&client=NEWS_360&size=96&type=FAVICON&fallback_opts=TYPE,SIZE,URL'}","10/06/2025, 01:26 AM, +0000 UTC",,"https://hips.hearstapps.com/hmg-prod/images/golden-piggy-bank-and-golden-coins-3d-render-royalty-free-image-1759314869.pjpeg?crop=0.621xw:1.00xh;0.202xw,0&resize=1120:*"
今「中秋+土地公生日」　5生肖財運旺到聖誕節,https://www.ettoday.net/news/20251006/3045569.htm,"{'name': 'ETtoday新聞雲', 'icon': 'https://encrypted-tbn1.gstatic.com/faviconV2?url=https://www.ettoday.net&client=NEWS_360&size=96&type=FAVICON&fallback_opts=TYPE,SIZE,URL'}","10/05/2025, 11:17 PM, +0000 UTC",,https://cdn2.ettoday.net/images/6865/e6865936.jpg
114年中秋節連假第2日下午蘇花路廊順暢,https://www.thb.gov.tw/News_Content_Table.aspx?n=7839&s=282600,"{'name': 'thb.gov.tw', 'icon': 'https://encrypted-tbn1.gstatic.com/faviconV2?url=https://www.thb.gov.tw&client=NEWS_360&size=96&type=FAVICON&fallback_opts=TYPE,SIZE,URL'}","10/05/2025, 11:22 PM, +0000 UTC",,https://ws.thb.gov.tw/001/Upload/462/relpic/13366/282600/19cab1c5-0b46-4cc8-94d2-9e6a7c98b9a7.jpg
太催淚！大S 49歲冥誕剛好中秋節...粉絲湧入微博超話獻祝福,https://tw.news.yahoo.com/%E5%A4%AA%E5%82%AC%E6%B7%9A-%E5%A4%A7s-49%E6%AD%B2%E5%86%A5%E8%AA%95%E5%89%9B%E5%A5%BD%E4%B8%AD%E7%A7%8B%E7%AF%80-%E7%B2%89%E7%B5%B2%E6%B9%A7%E5%85%A5%E5%BE%AE%E5%8D%9A%E8%B6%85%E8%A9%B1%E7%8D%BB%E7%A5%9D%E7%A6%8F-031100662.html,"{'name': '奇摩新聞', 'icon': 'https://encrypted-tbn1.gstatic.com/faviconV2?url=https://tw.news.yahoo.com&client=NEWS_360&size=96&type=FAVICON&fallback_opts=TYPE,SIZE,URL'}","10/06/2025, 03:14 AM, +0000 UTC",,https://s.yimg.com/ny/api/res/1.2/uUFQ6bC3s7HOBUXxv8CmBg--/YXBwaWQ9aGlnaGxhbmRlcjt3PTY0MDtoPTM2MA--/https://media.zenfs.com/ca/setn.com.tw/b5c02259bda1f6c4bd3cf4f8857e420d
中秋節優惠大放送！超商咖啡買6送6 10元爽喝拿鐵,https://tw.news.yahoo.com/%E4%B8%AD%E7%A7%8B%E7%AF%80%E5%84%AA%E6%83%A0%E5%A4%A7%E6%94%BE%E9%80%81-%E8%B6%85%E5%95%86%E5%92%96%E5%95%A1%E8%B2%B76%E9%80%816-10%E5%85%83%E7%88%BD%E5%96%9D%E6%8B%BF%E9%90%B5-235634856.html,"{'name': '奇摩新聞', 'icon': 'https://encrypted-tbn1.gstatic.com/faviconV2?url=https://tw.news.yahoo.com&client=NEWS_360&size=96&type=FAVICON&fallback_opts=TYPE,SIZE,URL'}","10/05/2025, 11:56 PM, +0000 UTC",,https://s.yimg.com/ny/api/res/1.2/kR3zFwvxH8m5BKktfEKskg--/YXBwaWQ9aGlnaGxhbmRlcjt3PTY0MDtoPTI5NQ--/https://media.zenfs.com/en/gotv_ctitv_com_tw_678/76d8b8256407ee0161decbdad7eae03c
44歲胡定欣中秋節無預兆宣布結婚了！她也許是個節日浪漫派，在元宵節公布戀情、在中秋節就成為幸福人妻,https://hk.news.yahoo.com/%E8%83%A1%E5%AE%9A%E6%AC%A3-%E4%B8%AD%E7%A7%8B%E7%AF%80-%E7%B5%90%E5%A9%9A-035558210.html,"{'name': 'YAHOO HK - NEWS', 'icon': 'https://encrypted-tbn3.gstatic.com/faviconV2?url=https://hk.news.yahoo.com&client=NEWS_360&size=96&type=FAVICON&fallback_opts=TYPE,SIZE,URL'}","10/06/2025, 03:56 AM, +0000 UTC",,https://s.yimg.com/ny/api/res/1.2/Y8_wzEHwC8dDpAnWHyLWPw--/YXBwaWQ9aGlnaGxhbmRlcjt3PTY0MDtoPTMzNA--/https://s.yimg.com/os/creatr-uploaded-images/2025-10/5ce83b60-a267-11f0-9b75-a743a6ac8252
中秋節拜月老必看！五時辰、五撇步擺脫「爛桃花」,https://tw.news.yahoo.com/%E4%B8%AD%E7%A7%8B%E7%AF%80%E6%8B%9C%E6%9C%88%E8%80%81%E5%BF%85%E7%9C%8B-%E4%BA%94%E6%99%82%E8%BE%B0-%E4%BA%94%E6%92%87%E6%AD%A5%E6%93%BA%E8%84%AB-%E7%88%9B%E6%A1%83%E8%8A%B1-134700949.html,"{'name': '奇摩新聞', 'icon': 'https://encrypted-tbn1.gstatic.com/faviconV2?url=https://tw.news.yahoo.com&client=NEWS_360&size=96&type=FAVICON&fallback_opts=TYPE,SIZE,URL'}","10/05/2025, 01:47 PM, +0000 UTC",,https://s.yimg.com/ny/api/res/1.2/PrzlnBOhmR_1Wzor9YkCzg--/YXBwaWQ9aGlnaGxhbmRlcjt3PTY0MDtoPTMzNQ--/https://media.zenfs.com/zh-tw/ebc.net.tw/69b783b5c0dea5a69b7c94cf7f572614
中秋節不忘花蓮救災的桃園隊 張善政致最深感謝,https://tw.news.yahoo.com/%E4%B8%AD%E7%A7%8B%E7%AF%80%E4%B8%8D%E5%BF%98%E8%8A%B1%E8%93%AE%E6%95%91%E7%81%BD%E7%9A%84%E6%A1%83%E5%9C%92%E9%9A%8A-%E5%BC%B5%E5%96%84%E6%94%BF%E8%87%B4%E6%9C%80%E6%B7%B1%E6%84%9F%E8%AC%9D-021836845.html,"{'name': '奇摩新聞', 'icon': 'https://encrypted-tbn1.gstatic.com/faviconV2?url=https://tw.news.yahoo.com&client=NEWS_360&size=96&type=FAVICON&fallback_opts=TYPE,SIZE,URL'}","10/06/2025, 02:26 AM, +0000 UTC",,https://s.yimg.com/ny/api/res/1.2/muWVDwAIyTOnf.smIUKrOg--/YXBwaWQ9aGlnaGxhbmRlcjt3PTY0MDtoPTQ4OQ--/https://media.zenfs.com/en/gotv_ctitv_com_tw_678/f587ba03524d480760dd84d544de242b
114年「中秋節」及「國慶日」為法定休假日，雇主應依法給假並給薪,https://www.mol.gov.tw/1607/1632/1633/84982/,"{'name': 'mol.gov.tw', 'icon': 'https://encrypted-tbn3.gstatic.com/faviconV2?url=https://www.mol.gov.tw&client=NEWS_360&size=96&type=FAVICON&fallback_opts=TYPE,SIZE,URL'}","10/03/2025, 05:59 AM, +0000 UTC",,https://www.mol.gov.tw/media/narb4yn4/%E9%99%84%E5%9C%96_%E4%B8%AD%E7%A7%8B%E5%9C%8B%E6%85%B6%E6%94%BE%E5%81%87%E5%8F%8A%E5%B7%A5%E8%B3%87%E7%B5%A6%E4%BB%98.png
中秋節人潮多 佳德鳳梨酥遭白髮賊盯上｜#鏡新聞,https://tw.news.yahoo.com/%E4%B8%AD%E7%A7%8B%E7%AF%80%E4%BA%BA%E6%BD%AE%E5%A4%9A-%E4%BD%B3%E5%BE%B7%E9%B3%B3%E6%A2%A8%E9%85%A5%E9%81%AD%E7%99%BD%E9%AB%AE%E8%B3%8A%E7%9B%AF%E4%B8%8A-%E9%8F%A1%E6%96%B0%E8%81%9E-051057399.html,"{'name': '奇摩新聞', 'icon': 'https://encrypted-tbn1.gstatic.com/faviconV2?url=https://tw.news.yahoo.com&client=NEWS_360&size=96&type=FAVICON&fallback_opts=TYPE,SIZE,URL'}","10/06/2025, 05:10 AM, +0000 UTC",,https://s.yimg.com/uu/api/res/1.2/rMVPlal2sNwAxDB9cTcN0w--~B/aD03MjA7dz0xMjgwO2FwcGlkPXl0YWNoeW9u/https://media.zenfs.com/en/mnews_tw_258/cb0cedaefe9e7c92481e40198274e207
中秋節看Google Doodle一起賞月！不要逗弄兔子：10大禁忌一次看,https://www.nownews.com/news/6739183,"{'name': 'NOWnews今日新聞', 'icon': 'https://encrypted-tbn3.gstatic.com/faviconV2?url=https://www.nownews.com&client=NEWS_360&size=96&type=FAVICON&fallback_opts=TYPE,SIZE,URL'}","10/06/2025, 01:44 AM, +0000 UTC",,https://media.nownews.com/nn_media/thumbnail/2025/10/1759714463081-6f140f612159470aaa9c280b12324f72-668x257.webp?unShow=false
中秋節+天赦日罕見大吉時！拜神明、祭祖、地基主準備供品一次收,https://www.nownews.com/news/6739043,"{'name': 'NOWnews今日新聞', 'icon': 'https://encrypted-tbn3.gstatic.com/faviconV2?url=https://www.nownews.com&client=NEWS_360&size=96&type=FAVICON&fallback_opts=TYPE,SIZE,URL'}","10/05/2025, 04:00 PM, +0000 UTC",,https://media.nownews.com/nn_media/thumbnail/2019/09/shutterstock_1653889105.jpg?unShow=false
中秋節遇年度大潮 澎湖低窪水位一度達警戒 (圖),https://tw.news.yahoo.com/%E4%B8%AD%E7%A7%8B%E7%AF%80%E9%81%87%E5%B9%B4%E5%BA%A6%E5%A4%A7%E6%BD%AE-%E6%BE%8E%E6%B9%96%E4%BD%8E%E7%AA%AA%E6%B0%B4%E4%BD%8D-%E5%BA%A6%E9%81%94%E8%AD%A6%E6%88%92-%E5%9C%96-044514676.html,"{'name': '奇摩新聞', 'icon': 'https://encrypted-tbn1.gstatic.com/faviconV2?url=https://tw.news.yahoo.com&client=NEWS_360&size=96&type=FAVICON&fallback_opts=TYPE,SIZE,URL'}","10/06/2025, 04:45 AM, +0000 UTC",,https://s.yimg.com/ny/api/res/1.2/cMRX0jZYqKw6Ab7sn.kAPg--/YXBwaWQ9aGlnaGxhbmRlcjt3PTY0MDtoPTI5OQ--/https://media.zenfs.com/zh-tw/cna.com.tw/0144e3800230d5e5f3f5ea3c4f205d43
中秋節收假「國道湧車潮」！11地雷路段一次看 | 生活,https://newtalk.tw/news/view/2025-10-06/997469,"{'name': 'Newtalk新聞', 'icon': 'https://encrypted-tbn1.gstatic.com/faviconV2?url=https://newtalk.tw&client=NEWS_360&size=96&type=FAVICON&fallback_opts=TYPE,SIZE,URL'}","10/06/2025, 02:48 AM, +0000 UTC",,https://images.newtalk.tw/resize_action2/600/album/news/909/65c7124b1faab.jpg
最新消息-中秋節及雙十國慶假期中市垃圾收運10/6、10/10採定時定點服務,https://www.epb.taichung.gov.tw/3109958/post,"{'name': 'epb.taichung.gov.tw', 'icon': 'https://encrypted-tbn0.gstatic.com/faviconV2?url=https://www.epb.taichung.gov.tw&client=NEWS_360&size=96&type=FAVICON&fallback_opts=TYPE,SIZE,URL'}","10/03/2025, 03:50 AM, +0000 UTC",,https://www.epb.taichung.gov.tw/media/1316007/%E4%B8%AD%E7%A7%8B-%E5%9C%8B%E6%85%B6%E5%9E%83%E5%9C%BE%E6%94%B6%E9%81%8B%E9%80%9A%E7%9F%A5.jpg?width=400
中秋節防危險級紫外線「明水氣略增」 哈隆颱風增強大迴轉,https://tw.news.yahoo.com/%E4%B8%AD%E7%A7%8B%E7%AF%80%E9%98%B2%E5%8D%B1%E9%9A%AA%E7%B4%9A%E7%B4%AB%E5%A4%96%E7%B7%9A-%E6%98%8E%E6%B0%B4%E6%B0%A3%E7%95%A5%E5%A2%9E-%E5%93%88%E9%9A%86%E9%A2%B1%E9%A2%A8%E5%A2%9E%E5%BC%B7%E5%A4%A7%E8%BF%B4%E8%BD%89-224400696.html,"{'name': '奇摩新聞', 'icon': 'https://encrypted-tbn1.gstatic.com/faviconV2?url=https://tw.news.yahoo.com&client=NEWS_360&size=96&type=FAVICON&fallback_opts=TYPE,SIZE,URL'}","10/05/2025, 10:44 PM, +0000 UTC",,https://s.yimg.com/ny/api/res/1.2/GKUjMHue9rSK86ROGbMtEg--/YXBwaWQ9aGlnaGxhbmRlcjt3PTY0MDtoPTQyNg--/https://media.zenfs.com/ko/mirrormedia.mg/ab98bea00b853e5682cd14832a290e1b
中秋節「三喜臨門」！專家曝1招補財庫、贖罪 躺著數錢數到爽,https://tw.news.yahoo.com/%E4%B8%AD%E7%A7%8B%E7%AF%80-%E4%B8%89%E5%96%9C%E8%87%A8%E9%96%80-%E5%B0%88%E5%AE%B6%E6%9B%9D1%E6%8B%9B%E8%A3%9C%E8%B2%A1%E5%BA%AB-%E8%B4%96%E7%BD%AA-%E8%BA%BA%E8%91%97%E6%95%B8%E9%8C%A2%E6%95%B8%E5%88%B0%E7%88%BD-081600702.html,"{'name': '奇摩新聞', 'icon': 'https://encrypted-tbn1.gstatic.com/faviconV2?url=https://tw.news.yahoo.com&client=NEWS_360&size=96&type=FAVICON&fallback_opts=TYPE,SIZE,URL'}","10/05/2025, 08:16 AM, +0000 UTC",,https://s.yimg.com/ny/api/res/1.2/ui3YbJMSDZntNfH2EaE5Pw--/YXBwaWQ9aGlnaGxhbmRlcjt3PTY0MDtoPTM2MA--/https://media.zenfs.com/zh-tw/setn.com.tw/6dddafa0ce15cb19e1cd643e033fb569
中秋節收假日湧現觀光車潮 省道15壅塞路段曝光,https://udn.com/news/story/7266/9052491,"{'name': '聯合新聞網', 'icon': 'https://encrypted-tbn3.gstatic.com/faviconV2?url=https://udn.com&client=NEWS_360&size=96&type=FAVICON&fallback_opts=TYPE,SIZE,URL'}","10/06/2025, 02:34 AM, +0000 UTC",,https://pgw.udn.com.tw/gw/photo.php?u=https://uc.udn.com.tw/photo/2025/10/06/realtime/33293754.jpg&x=0&y=0&sw=0&sh=0&sl=W&fw=800&exp=3600
10/6中秋節遇天赦日超旺！１方法開運錯過再等62年，習俗禁忌由來一次看,https://supertaste.tvbs.com.tw/hot/356660,"{'name': '食尚玩家', 'icon': 'https://encrypted-tbn2.gstatic.com/faviconV2?url=https://supertaste.tvbs.com.tw&client=NEWS_360&size=96&type=FAVICON&fallback_opts=TYPE,SIZE,URL'}","10/05/2025, 05:00 PM, +0000 UTC",,https://cc.tvbs.com.tw/img/program/_data/i/upload/2025/10/01/20251001173646-bcbc2bea-la.jpg
中秋節星巴克買一送一！哈根達斯禮盒7折　85度C：蜜桃美式52元起,https://www.nownews.com/news/6739177,"{'name': 'NOWnews今日新聞', 'icon': 'https://encrypted-tbn3.gstatic.com/faviconV2?url=https://www.nownews.com&client=NEWS_360&size=96&type=FAVICON&fallback_opts=TYPE,SIZE,URL'}","10/06/2025, 01:27 AM, +0000 UTC",,https://media.nownews.com/nn_media/thumbnail/2025/10/1759713672711-0acd859491df4744b31c416bca04b015-695x391.webp?unShow=false
中秋節烤肉最怕遇到1種人 過來人點頭：可看出誰是真朋友,https://udn.com/news/story/120912/9052495,"{'name': '聯合新聞網', 'icon': 'https://encrypted-tbn3.gstatic.com/faviconV2?url=https://udn.com&client=NEWS_360&size=96&type=FAVICON&fallback_opts=TYPE,SIZE,URL'}","10/06/2025, 03:09 AM, +0000 UTC",,https://pgw.udn.com.tw/gw/photo.php?u=https://uc.udn.com.tw/photo/2025/10/05/realtime/33288098.jpg&x=0&y=0&sw=0&sh=0&sl=W&fw=800&exp=3600
中秋節月餅怎麼吃？減重醫師授3大絕招，早餐搭配「這類食物」守住身材不發胖,https://www.gvm.com.tw/article/124801,"{'name': '遠見雜誌', 'icon': 'https://encrypted-tbn1.gstatic.com/faviconV2?url=https://www.gvm.com.tw&client=NEWS_360&size=96&type=FAVICON&fallback_opts=TYPE,SIZE,URL'}","10/05/2025, 11:00 PM, +0000 UTC",,https://imgs.gvm.com.tw/upload/gallery/20250923/214645.jpg
台股近10年中秋節後一表看！上漲率7成　5檔新款主動式ETF搶市,https://finance.ettoday.net/news/3045632,"{'name': 'ETtoday財經雲', 'icon': 'https://encrypted-tbn0.gstatic.com/faviconV2?url=https://finance.ettoday.net&client=NEWS_360&size=96&type=FAVICON&fallback_opts=TYPE,SIZE,URL'}","10/06/2025, 02:30 AM, +0000 UTC",,https://cdn2.ettoday.net/images/8395/e8395685.jpg
中秋節百年罕見吉日！年度最強補運補財 這招學起來,https://tw.news.yahoo.com/%E4%B8%AD%E7%A7%8B%E7%AF%80%E7%99%BE%E5%B9%B4%E7%BD%95%E8%A6%8B%E5%90%89%E6%97%A5-%E5%B9%B4%E5%BA%A6%E6%9C%80%E5%BC%B7%E8%A3%9C%E9%81%8B%E8%A3%9C%E8%B2%A1-%E9%80%99%E6%8B%9B%E5%AD%B8%E8%B5%B7%E4%BE%86-012806912.html,"{'name': '奇摩新聞', 'icon': 'https://encrypted-tbn1.gstatic.com/faviconV2?url=https://tw.news.yahoo.com&client=NEWS_360&size=96&type=FAVICON&fallback_opts=TYPE,SIZE,URL'}","10/05/2025, 01:55 AM, +0000 UTC",,https://s.yimg.com/ny/api/res/1.2/rWfuVBSMqQA4ucTRU6BpQQ--/YXBwaWQ9aGlnaGxhbmRlcjt3PTY0MDtoPTM2MQ--/https://media.zenfs.com/en/taisounds_com_380/f6168f864df67191d980a17c5f28f83e
今年中秋節成「近10年最熱」！林得恩：別把自己也烤了,https://tw.news.yahoo.com/%E4%BB%8A%E5%B9%B4%E4%B8%AD%E7%A7%8B%E7%AF%80%E6%88%90-%E8%BF%9110%E5%B9%B4%E6%9C%80%E7%86%B1-%E6%9E%97%E5%BE%97%E6%81%A9-%E5%88%A5%E6%8A%8A%E8%87%AA%E5%B7%B1%E4%B9%9F%E7%83%A4%E4%BA%86-234751087.html,"{'name': '奇摩新聞', 'icon': 'https://encrypted-tbn1.gstatic.com/faviconV2?url=https://tw.news.yahoo.com&client=NEWS_360&size=96&type=FAVICON&fallback_opts=TYPE,SIZE,URL'}","10/03/2025, 11:47 PM, +0000 UTC",,https://s.yimg.com/ny/api/res/1.2/CSLnneYlT4AcLSq4Dpssbg--/YXBwaWQ9aGlnaGxhbmRlcjt3PTY0MDtoPTQ4MA--/https://media.zenfs.com/en/gotv_ctitv_com_tw_678/53a513c158ec17e312ee5c29fc591d0b
錯過再等62年！中秋節遇這日子本世紀僅2天 今天補財庫旺爆,https://style.udn.com/style/story/11350/9052306?from=udn-catenewnews_ch2002,"{'name': 'udnSTYLE', 'icon': 'https://encrypted-tbn2.gstatic.com/faviconV2?url=https://style.udn.com&client=NEWS_360&size=96&type=FAVICON&fallback_opts=TYPE,SIZE,URL'}","10/06/2025, 12:10 AM, +0000 UTC",,https://pgw.udn.com.tw/gw/photo.php?u=https://uc.udn.com.tw/photo/2025/10/06/realtime/33293044.png&x=0&y=0&sw=0&sh=0&sl=W&fw=800&exp=3600
錯過再等1甲子！中秋逢天赦日 最強轉運時機曝光,https://udn.com/news/story/7268/9052290,"{'name': '聯合新聞網', 'icon': 'https://encrypted-tbn3.gstatic.com/faviconV2?url=https://udn.com&client=NEWS_360&size=96&type=FAVICON&fallback_opts=TYPE,SIZE,URL'}","10/05/2025, 11:45 PM, +0000 UTC",,https://pgw.udn.com.tw/gw/photo.php?u=https://uc.udn.com.tw/photo/2025/10/06/realtime/33292966.jpg&x=0&y=0&sw=0&sh=0&sl=W&fw=800&exp=3600
中秋節連假首日「鏟子超人」創新高 ! 光復火車站進出5.12萬人次,https://www.hsnews.com.tw/lifestyle-and-community/zhong-qiu-jie-lian-jia-shou-ri-chan-zi-chao-ren-chuang-xin-gao-guang-fu-huo-che-zhan-jin-chu5-12wan-ren-ci.html,"{'name': '花蓮最速報', 'icon': 'https://encrypted-tbn3.gstatic.com/faviconV2?url=https://www.hsnews.com.tw&client=NEWS_360&size=96&type=FAVICON&fallback_opts=TYPE,SIZE,URL'}","10/06/2025, 05:00 AM, +0000 UTC",,https://www.hsnews.com.tw/images/2025/10/06/S__31506435_large.jpg
中秋節收假估仍湧觀光車潮 省道15路段恐壅塞,https://money.udn.com/money/story/122328/9052455,"{'name': '經濟日報', 'icon': 'https://encrypted-tbn3.gstatic.com/faviconV2?url=https://money.udn.com&client=NEWS_360&size=96&type=FAVICON&fallback_opts=TYPE,SIZE,URL'}","10/06/2025, 02:12 AM, +0000 UTC",,https://money.udn.com/SSI/ednvip/default_logo/logo_1280.png
中秋節連假出遊攻略：北中南最佳打卡展覽一次看,https://www.gvm.com.tw/article/124740,"{'name': '遠見雜誌', 'icon': 'https://encrypted-tbn1.gstatic.com/faviconV2?url=https://www.gvm.com.tw&client=NEWS_360&size=96&type=FAVICON&fallback_opts=TYPE,SIZE,URL', 'authors': ['賴昀']}","10/03/2025, 07:00 AM, +0000 UTC",,https://imgs.gvm.com.tw/upload/gallery/20251001/215372.jpg
2025中秋節「財神爺點名」！3生肖財運、紅包、偏財狂噴,https://tw.news.yahoo.com/2025%E4%B8%AD%E7%A7%8B%E7%AF%80-%E8%B2%A1%E7%A5%9E%E7%88%BA%E9%BB%9E%E5%90%8D-3%E7%94%9F%E8%82%96%E8%B2%A1%E9%81%8B-%E7%B4%85%E5%8C%85-%E5%81%8F%E8%B2%A1%E7%8B%82%E5%99%B4-000000707.html,"{'name': '奇摩新聞', 'icon': 'https://encrypted-tbn1.gstatic.com/faviconV2?url=https://tw.news.yahoo.com&client=NEWS_360&size=96&type=FAVICON&fallback_opts=TYPE,SIZE,URL'}","10/05/2025, 12:02 AM, +0000 UTC",,https://s.yimg.com/ny/api/res/1.2/.YZfLwSKAKrzjt9PiUFeOw--/YXBwaWQ9aGlnaGxhbmRlcjt3PTY0MDtoPTM2MA--/https://media.zenfs.com/ko/health_tvbs_com_tw_589/e8ed569d89bf2c4b32008b02acc22305
中秋節遇天赦日「錯過再等62年」！賞月3招開運：吸貴人、去晦氣,https://www.nownews.com/news/6739167,"{'name': 'NOWnews今日新聞', 'icon': 'https://encrypted-tbn3.gstatic.com/faviconV2?url=https://www.nownews.com&client=NEWS_360&size=96&type=FAVICON&fallback_opts=TYPE,SIZE,URL'}","10/06/2025, 12:28 AM, +0000 UTC",,https://media.nownews.com/nn_media/thumbnail/2023/09/1695788242167-19ac2945a10a4ffd950bf04bfac2ae98-1200x795.webp?unShow=false
笛聲伴明月 汶萊臺商會中秋晚會共話團圓,https://www.cna.com.tw/postwrite/chi/414442,"{'name': '中央社 CNA', 'icon': 'https://encrypted-tbn0.gstatic.com/faviconV2?url=https://www.cna.com.tw&client=NEWS_360&size=96&type=FAVICON&fallback_opts=TYPE,SIZE,URL'}","10/06/2025, 02:46 AM, +0000 UTC",,https://imgcdn.cna.com.tw/www/postwrite/2025/20251005/00414442.20251005436039620M.jpg
台灣中秋節要烤肉習俗，沒想到起因竟然這麼神秘？,https://www.womenshealthmag.com/tw/mental/relationship/g68806022/moon-festival-1759483281/,"{'name': ""Women's Health"", 'icon': 'https://encrypted-tbn1.gstatic.com/faviconV2?url=https://www.womenshealthmag.com&client=NEWS_360&size=96&type=FAVICON&fallback_opts=TYPE,SIZE,URL'}","10/03/2025, 09:25 AM, +0000 UTC",,"https://hips.hearstapps.com/hmg-prod/images/%E4%B8%AD%E7%A7%8B%E7%AF%80-1629705939.jpg?crop=0.490xw:0.981xh;0,0.0192xh&resize=640:*"
中秋節收假日北返高峰 國五上午恐塞目前時速27公里,https://udn.com/news/story/7266/9052415?from=udn-ch1_breaknews-1-0-news,"{'name': '聯合新聞網', 'icon': 'https://encrypted-tbn3.gstatic.com/faviconV2?url=https://udn.com&client=NEWS_360&size=96&type=FAVICON&fallback_opts=TYPE,SIZE,URL'}","10/06/2025, 01:54 AM, +0000 UTC",,https://pgw.udn.com.tw/gw/photo.php?u=https://uc.udn.com.tw/photo/2025/10/06/realtime/33293477.jpg&x=0&y=0&sw=0&sh=0&sl=W&fw=800&exp=3600
10/6中秋節「垃圾車有收嗎」？國定假日全台放假：清運資訊一次看,https://www.nownews.com/news/6738184,"{'name': 'NOWnews今日新聞', 'icon': 'https://encrypted-tbn3.gstatic.com/faviconV2?url=https://www.nownews.com&client=NEWS_360&size=96&type=FAVICON&fallback_opts=TYPE,SIZE,URL'}","10/05/2025, 04:26 PM, +0000 UTC",,https://media.nownews.com/nn_media/thumbnail/2025/09/1758977504421-48cf948d6fd643a48e996e7a868e59d5-1200x801.webp?unShow=false
【港鐵】10.6 中秋節 人人免費搭輕鐵（只限06/10）,https://hk.news.yahoo.com/%E6%B8%AF%E9%90%B5-mtr-%E5%84%AA%E6%83%A0-%E5%85%8D%E8%B2%BB-%E8%BC%95%E9%90%B5-104308475.html,"{'name': 'YAHOO HK - NEWS', 'icon': 'https://encrypted-tbn3.gstatic.com/faviconV2?url=https://hk.news.yahoo.com&client=NEWS_360&size=96&type=FAVICON&fallback_opts=TYPE,SIZE,URL'}","10/06/2025, 02:03 AM, +0000 UTC",,https://s.yimg.com/ny/api/res/1.2/gfYsDJoZG.ehdslA1TZL6Q--/YXBwaWQ9aGlnaGxhbmRlcjt3PTY0MDtoPTgwMA--/https://s.yimg.com/os/creatr-uploaded-images/2025-10/0c061c40-a045-11f0-858d-5350dcb57a87
別把自己烤了！今年恐迎「最熱中秋節」打破近10年紀錄,https://tw.news.yahoo.com/%E5%88%A5%E6%8A%8A%E8%87%AA%E5%B7%B1%E7%83%A4%E4%BA%86-%E4%BB%8A%E5%B9%B4%E6%81%90%E8%BF%8E-%E6%9C%80%E7%86%B1%E4%B8%AD%E7%A7%8B%E7%AF%80-%E6%89%93%E7%A0%B4%E8%BF%9110%E5%B9%B4%E7%B4%80%E9%8C%84-012309940.html,"{'name': '奇摩新聞', 'icon': 'https://encrypted-tbn1.gstatic.com/faviconV2?url=https://tw.news.yahoo.com&client=NEWS_360&size=96&type=FAVICON&fallback_opts=TYPE,SIZE,URL'}","10/04/2025, 01:36 AM, +0000 UTC",,https://s.yimg.com/ny/api/res/1.2/HfgpMXJnPaCpsXFqxbfqLw--/YXBwaWQ9aGlnaGxhbmRlcjt3PTY0MDtoPTQ4MA--/https://media.zenfs.com/en/ftvn.com.tw/6ddbbab47f426c74de11455c28a49789
中秋節社交壓力爆表？心理師教你5招自在過節、不委屈,https://www.healthnews.com.tw/article/66405,"{'name': '健康醫療網', 'icon': 'https://encrypted-tbn0.gstatic.com/faviconV2?url=https://www.healthnews.com.tw&client=NEWS_360&size=96&type=FAVICON&fallback_opts=TYPE,SIZE,URL'}","10/05/2025, 10:00 AM, +0000 UTC",,https://www.healthnews.com.tw/imageFile/202509/a0724714ed2b5b736b841b70690b660d_l.jpg
中秋節、國慶日加班拿雙倍薪！3天連假薪資算法一次看,https://tw.stock.yahoo.com/news/%E4%B8%AD%E7%A7%8B%E7%AF%80%E3%80%81%E5%9C%8B%E6%85%B6%E6%97%A5%E5%8A%A0%E7%8F%AD%E6%8B%BF%E9%9B%99%E5%80%8D%E8%96%AA%EF%BC%813%E5%A4%A9%E9%80%A3%E5%81%87%E8%96%AA%E8%B3%87%E7%AE%97%E6%B3%95%E4%B8%80%E6%AC%A1%E7%9C%8B-065127534.html,"{'name': '奇摩股市', 'icon': 'https://encrypted-tbn1.gstatic.com/faviconV2?url=https://tw.stock.yahoo.com&client=NEWS_360&size=96&type=FAVICON&fallback_opts=TYPE,SIZE,URL'}","10/03/2025, 06:51 AM, +0000 UTC",,https://s.yimg.com/ny/api/res/1.2/N9VgjNtEIqD3DV5zm4kr4Q--/YXBwaWQ9aGlnaGxhbmRlcjt3PTY0MDtoPTQ0NA--/https://s.yimg.com/os/creatr-uploaded-images/2025-10/d6cf1dd0-a024-11f0-bfff-172151a07690
中秋節為極陰日　專家點名「4生肖」5點後要躲月防煞,https://www.ettoday.net/news/20251003/3044351.htm,"{'name': 'ETtoday新聞雲', 'icon': 'https://encrypted-tbn1.gstatic.com/faviconV2?url=https://www.ettoday.net&client=NEWS_360&size=96&type=FAVICON&fallback_opts=TYPE,SIZE,URL'}","10/03/2025, 03:35 AM, +0000 UTC",,https://cdn2.ettoday.net/images/8429/e8429632.jpg
中秋節必拜3神明！財運、桃花、人緣一次到位,https://tw.news.yahoo.com/%E4%B8%AD%E7%A7%8B%E7%AF%80%E5%BF%85%E6%8B%9C3%E7%A5%9E%E6%98%8E-%E8%B2%A1%E9%81%8B-%E6%A1%83%E8%8A%B1-%E4%BA%BA%E7%B7%A3-%E6%AC%A1%E5%88%B0%E4%BD%8D-023300292.html,"{'name': '奇摩新聞', 'icon': 'https://encrypted-tbn1.gstatic.com/faviconV2?url=https://tw.news.yahoo.com&client=NEWS_360&size=96&type=FAVICON&fallback_opts=TYPE,SIZE,URL'}","10/04/2025, 02:57 AM, +0000 UTC",,https://s.yimg.com/ny/api/res/1.2/uauu8ixIqcwo7UhWgIpRRA--/YXBwaWQ9aGlnaGxhbmRlcjt3PTY0MDtoPTMzNQ--/https://media.zenfs.com/no/ebc.net.tw/0a0fc452fcc83071b704ca43ffbf489b
楓情讀書會六週年 慶典聯誼迎中秋,https://www.epochtimes.com/b5/25/10/5/n14610109.htm,"{'name': '大紀元', 'icon': 'https://encrypted-tbn1.gstatic.com/faviconV2?url=https://www.epochtimes.com&client=NEWS_360&size=96&type=FAVICON&fallback_opts=TYPE,SIZE,URL'}","10/06/2025, 12:22 AM, +0000 UTC",,https://www.epochtimes.com/assets/uploads/2025/10/id14610123-messageImage_1759684942344-e1759709578246.jpg
中秋節、國慶日連假交通優惠總整理！客運最低6折、雙鐵加開班次、國道管制疏運一次看！(不斷更新) |【旅遊省錢術】,https://tw.news.yahoo.com/%E4%B8%AD%E7%A7%8B%E7%AF%80%E3%80%81%E5%9C%8B%E6%85%B6%E6%97%A5%E9%80%A3%E5%81%87%E4%BA%A4%E9%80%9A%E5%84%AA%E6%83%A0%E7%B8%BD%E6%95%B4%E7%90%86%EF%BC%81%E5%AE%A2%E9%81%8B%E6%9C%80%E4%BD%8E6%E6%8A%98%E3%80%81%E9%9B%99%E9%90%B5%E5%8A%A0%E9%96%8B%E7%8F%AD%E6%AC%A1%E3%80%81%E5%9C%8B%E9%81%93%E7%AE%A1%E5%88%B6%E7%96%8F%E9%81%8B%E4%B8%80%E6%AC%A1%E7%9C%8B%EF%BC%81%E4%B8%8D%E6%96%B7%E6%9B%B4%E6%96%B0-%E3%80%90%E6%97%85%E9%81%8A%E7%9C%81%E9%8C%A2%E8%A1%93%E3%80%91-063604098.html,"{'name': '奇摩新聞', 'icon': 'https://encrypted-tbn1.gstatic.com/faviconV2?url=https://tw.news.yahoo.com&client=NEWS_360&size=96&type=FAVICON&fallback_opts=TYPE,SIZE,URL'}","10/01/2025, 07:00 AM, +0000 UTC",,https://s.yimg.com/ny/api/res/1.2/SKX5YOEf1y569ek4qfeWYg--/YXBwaWQ9aGlnaGxhbmRlcjt3PTY0MDtoPTQyNw--/https://s.yimg.com/os/creatr-uploaded-images/2025-09/00402de0-92b4-11f0-9dfb-1e7a176e8dc0
中秋節2025｜交通安排一文睇清 港鐵通宵 電車輕鐵免費搭,https://hk.news.yahoo.com/%E4%B8%AD%E7%A7%8B%E7%AF%802025-%E4%BA%A4%E9%80%9A%E5%AE%89%E6%8E%92-%E6%96%87%E7%9D%87%E6%B8%85-%E6%B8%AF%E9%90%B5%E9%80%9A%E5%AE%B5-%E9%9B%BB%E8%BB%8A%E8%BC%95%E9%90%B5%E5%85%8D%E8%B2%BB%E6%90%AD-025629341.html,"{'name': 'YAHOO HK - NEWS', 'icon': 'https://encrypted-tbn3.gstatic.com/faviconV2?url=https://hk.news.yahoo.com&client=NEWS_360&size=96&type=FAVICON&fallback_opts=TYPE,SIZE,URL'}","10/06/2025, 03:36 AM, +0000 UTC",,https://s.yimg.com/ny/api/res/1.2/pAd5rVkwb1qlgCJoq8pfdA--/YXBwaWQ9aGlnaGxhbmRlcjt3PTY0MDtoPTQzMg--/https://media.zenfs.com/ko/am730_578/cdbdcf60a23c7880bc0ffaa309461cf9
明天中秋節12大民俗禁忌必知 4生肖財運炸裂可買樂透試手氣,https://udn.com/news/story/7268/9050956,"{'name': '聯合新聞網', 'icon': 'https://encrypted-tbn3.gstatic.com/faviconV2?url=https://udn.com&client=NEWS_360&size=96&type=FAVICON&fallback_opts=TYPE,SIZE,URL'}","10/05/2025, 12:22 AM, +0000 UTC",,https://pgw.udn.com.tw/gw/photo.php?u=https://uc.udn.com.tw/photo/2025/10/05/realtime/33286952.png&x=0&y=0&sw=0&sh=0&sl=W&fw=800&exp=3600
不斷更新／中秋節連假首日返鄉出遊車潮 避開國道10地雷路段,https://udn.com/news/story/7266/9049454,"{'name': '聯合新聞網', 'icon': 'https://encrypted-tbn3.gstatic.com/faviconV2?url=https://udn.com&client=NEWS_360&size=96&type=FAVICON&fallback_opts=TYPE,SIZE,URL'}","10/04/2025, 05:03 AM, +0000 UTC",,https://pgw.udn.com.tw/gw/photo.php?u=https://uc.udn.com.tw/photo/2025/10/04/1/33281242.png&x=0&y=0&sw=0&sh=0&sl=W&fw=800&exp=3600
今中秋節天氣繼續熱！7縣市亮高溫橙燈 恐36度以上,https://udn.com/news/story/7266/9052287,"{'name': '聯合新聞網', 'icon': 'https://encrypted-tbn3.gstatic.com/faviconV2?url=https://udn.com&client=NEWS_360&size=96&type=FAVICON&fallback_opts=TYPE,SIZE,URL'}","10/05/2025, 11:28 PM, +0000 UTC",,https://pgw.udn.com.tw/gw/photo.php?u=https://uc.udn.com.tw/photo/2025/10/06/realtime/33292899.jpeg&x=0&y=0&sw=0&sh=0&sl=W&fw=800&exp=3600
早安~中秋節的早晨，跟小編一起來掌握重要新聞！ 📍黑心豬腸波及阿宗麵線預防性下架 寧夏夜市豆腐攤剩70公斤全封存 📍高市早苗啟動人事布局「麻生派」助選有功將任要角 📍韓國資料中心大火19萬公務員雲端資料無備份 行政作業回歸原始 更多重點新聞請看👇👇,https://www.facebook.com/story.php?story_fbid=1202346148590615&id=100064457241678,"{'name': 'Facebook', 'icon': 'https://encrypted-tbn2.gstatic.com/faviconV2?url=https://www.facebook.com&client=NEWS_360&size=96&type=FAVICON&fallback_opts=TYPE,SIZE,URL'}","10/06/2025, 12:01 AM, +0000 UTC",,https://lookaside.fbsbx.com/lookaside/crawler/media/?media_id=1202007521957811
中秋節將至！他好奇「年輕人都不在家烤肉了嗎？」網曝原因,https://tw.news.yahoo.com/%E4%B8%AD%E7%A7%8B%E7%AF%80%E5%B0%87%E8%87%B3%EF%BC%81%E4%BB%96%E5%A5%BD%E5%A5%87%E3%80%8C%E5%B9%B4%E8%BC%95%E4%BA%BA%E9%83%BD%E4%B8%8D%E5%9C%A8%E5%AE%B6%E7%83%A4%E8%82%89%E4%BA%86%E5%97%8E%EF%BC%9F%E3%80%8D%E7%B6%B2%E6%9B%9D%E5%8E%9F%E5%9B%A0-012013623.html,"{'name': '奇摩新聞', 'icon': 'https://encrypted-tbn1.gstatic.com/faviconV2?url=https://tw.news.yahoo.com&client=NEWS_360&size=96&type=FAVICON&fallback_opts=TYPE,SIZE,URL'}","10/02/2025, 01:25 AM, +0000 UTC",,https://s.yimg.com/ny/api/res/1.2/k80i2biO4lxHwqeB18zQWg--/YXBwaWQ9aGlnaGxhbmRlcjt3PTY0MDtoPTQyNw--/https://s.yimg.com/os/creatr-uploaded-images/2025-10/ca873a50-9f2d-11f0-bfff-2de6cd56c56e
10月06日 中秋節,https://heho.com.tw/archives/366879,"{'name': 'Heho健康', 'icon': 'https://encrypted-tbn1.gstatic.com/faviconV2?url=https://heho.com.tw&client=NEWS_360&size=96&type=FAVICON&fallback_opts=TYPE,SIZE,URL'}","10/05/2025, 04:05 PM, +0000 UTC",,https://heho.com.tw/wp-content/uploads/2025/09/1759206649.4632.jpg
中秋節中南部午後雷陣雨晚間撥雲見月機會高| 生活,https://www.cna.com.tw/news/ahel/202510050162.aspx,"{'name': '中央社 CNA', 'icon': 'https://encrypted-tbn0.gstatic.com/faviconV2?url=https://www.cna.com.tw&client=NEWS_360&size=96&type=FAVICON&fallback_opts=TYPE,SIZE,URL'}","10/05/2025, 09:47 AM, +0000 UTC",,https://imgcdn.cna.com.tw/www/WebPhotos/800/20251005/1140x768_wmky_0_C20251005000158.jpg
中秋節｜天文台：晚上11時43分月上中天 梁榮武預計雲罅隙可看到月光(車軒珩報道),https://hk.news.yahoo.com/%E4%B8%AD%E7%A7%8B%E7%AF%80-%E5%A4%A9%E6%96%87%E5%8F%B0-%E6%99%9A%E4%B8%8A11%E6%99%8243%E5%88%86%E6%9C%88%E4%B8%8A%E4%B8%AD%E5%A4%A9-%E6%A2%81%E6%A6%AE%E6%AD%A6%E9%A0%90%E8%A8%88%E9%9B%B2%E7%BD%85%E9%9A%99%E5%8F%AF%E7%9C%8B%E5%88%B0%E6%9C%88%E5%85%89-%E8%BB%8A%E8%BB%92%E7%8F%A9%E5%A0%B1%E9%81%93-050431070.html,"{'name': 'YAHOO HK - NEWS', 'icon': 'https://encrypted-tbn3.gstatic.com/faviconV2?url=https://hk.news.yahoo.com&client=NEWS_360&size=96&type=FAVICON&fallback_opts=TYPE,SIZE,URL'}","10/06/2025, 05:04 AM, +0000 UTC",,https://s.yimg.com/ny/api/res/1.2/iCW7WbET1znaA8zD7mHfjQ--/YXBwaWQ9aGlnaGxhbmRlcjt3PTY0MDtoPTM2MA--/https://media.zenfs.com/ko/now_com_news_hk_593/5794357d0e580a332f77f38572b57153
【台南活動】台南中秋節3天連假可以這樣玩，市集、烤肉、藝文、親子體驗一次看！,https://decing.tw/tainan-2025moon/,"{'name': '熱血玩台南。跳躍新世界', 'icon': 'https://encrypted-tbn1.gstatic.com/faviconV2?url=https://decing.tw&client=NEWS_360&size=96&type=FAVICON&fallback_opts=TYPE,SIZE,URL'}","10/03/2025, 02:52 PM, +0000 UTC",,https://decing.tw/wp-content/uploads/20251003225223_0_1d735d.jpg
今天中秋節「4大生肖」財運超旺！10大禁忌一次看 男生不可拜月亮,https://tw.news.yahoo.com/%E4%BB%8A%E5%A4%A9%E4%B8%AD%E7%A7%8B%E7%AF%80-4%E5%A4%A7%E7%94%9F%E8%82%96-%E8%B2%A1%E9%81%8B%E8%B6%85%E6%97%BA-10%E5%A4%A7%E7%A6%81%E5%BF%8C-%E6%AC%A1%E7%9C%8B-022200717.html,"{'name': '奇摩新聞', 'icon': 'https://encrypted-tbn1.gstatic.com/faviconV2?url=https://tw.news.yahoo.com&client=NEWS_360&size=96&type=FAVICON&fallback_opts=TYPE,SIZE,URL'}","10/06/2025, 03:06 AM, +0000 UTC",,https://s.yimg.com/ny/api/res/1.2/FUyxfPEl3_ZhwMNXW2I2pg--/YXBwaWQ9aGlnaGxhbmRlcjt3PTY0MDtoPTQyNg--/https://media.zenfs.com/zh-tw/mirrordaily_390/91ac555c3a3f7fd5fe4888db0296c943
中秋節連假有垃圾車嗎？2025各縣市中秋節連假垃圾車清運時間一次看,https://tw.news.yahoo.com/%E4%B8%AD%E7%A7%8B%E7%AF%80%E9%80%A3%E5%81%87%E6%9C%89%E5%9E%83%E5%9C%BE%E8%BB%8A%E5%97%8E%EF%BC%9F2025%E5%90%84%E7%B8%A3%E5%B8%82%E4%B8%AD%E7%A7%8B%E7%AF%80%E9%80%A3%E5%81%87%E5%9E%83%E5%9C%BE%E8%BB%8A%E6%B8%85%E9%81%8B%E6%99%82%E9%96%93%E4%B8%80%E6%AC%A1%E7%9C%8B-065522215.html,"{'name': '奇摩新聞', 'icon': 'https://encrypted-tbn1.gstatic.com/faviconV2?url=https://tw.news.yahoo.com&client=NEWS_360&size=96&type=FAVICON&fallback_opts=TYPE,SIZE,URL'}","10/03/2025, 06:56 AM, +0000 UTC",,https://s.yimg.com/ny/api/res/1.2/ZDsVkf6bedU2G7KIbRhL5A--/YXBwaWQ9aGlnaGxhbmRlcjt3PTY0MDtoPTQ4MA--/https://s.yimg.com/os/creatr-uploaded-images/2021-10/3a35d150-3564-11ec-bf1f-f54ea133b0f7
中秋節後怎麼變？ 聚焦Q4贏家股！,https://news.cnyes.com/news/id/6177346,"{'name': 'news.cnyes.com', 'icon': 'https://encrypted-tbn2.gstatic.com/faviconV2?url=https://news.cnyes.com&client=NEWS_360&size=96&type=FAVICON&fallback_opts=TYPE,SIZE,URL'}","10/06/2025, 02:00 AM, +0000 UTC",,https://cimg.cnyes.cool/prod/news/6177346/l/dc42fce2f667bdf2348b446cdbf1413d.jpg
今中秋節天氣繼續熱！7縣市亮高溫橙燈 恐36度以上,https://money.udn.com/money/story/122328/9052287,"{'name': '經濟日報', 'icon': 'https://encrypted-tbn3.gstatic.com/faviconV2?url=https://money.udn.com&client=NEWS_360&size=96&type=FAVICON&fallback_opts=TYPE,SIZE,URL'}","10/06/2025, 03:37 AM, +0000 UTC",,https://pgw.udn.com.tw/gw/photo.php?u=https://uc.udn.com.tw/photo/2025/10/06/realtime/33292899.jpeg&x=0&y=0&sw=0&sh=0&sl=W&fw=1200&exp=3600
中秋明月哪裡最清晰？ 氣象署揭全台「2025賞月指數」,https://news.ttv.com.tw/news/11410060000300W,"{'name': '台視新聞網', 'icon': 'https://encrypted-tbn2.gstatic.com/faviconV2?url=https://news.ttv.com.tw&client=NEWS_360&size=96&type=FAVICON&fallback_opts=TYPE,SIZE,URL'}","10/06/2025, 01:37 AM, +0000 UTC",,https://cdn.ttv.com.tw/manasystem/FileData/News/c487b89a-04b6-43ce-ba20-648eaffa3ef2.jpg
2025中秋節逢天赦日！百年一遇「補財庫、招桃花」妙招一次看,https://www.bella.tw/articles/novelty/53995/mid-autumn-festival,"{'name': 'Bella.tw儂儂', 'icon': 'https://encrypted-tbn3.gstatic.com/faviconV2?url=https://www.bella.tw&client=NEWS_360&size=96&type=FAVICON&fallback_opts=TYPE,SIZE,URL'}","10/03/2025, 06:20 AM, +0000 UTC",,https://bellawebsite.s3.ap-northeast-1.amazonaws.com/index_image/2135e412-a002-11f0-850c-064f21e4a664.png
中秋節連假恐塞車 國道管制、好走路段一次看,https://tw.news.yahoo.com/%E4%B8%AD%E7%A7%8B%E7%AF%80%E9%80%A3%E5%81%87%E6%81%90%E5%A1%9E%E8%BB%8A-%E5%9C%8B%E9%81%93%E7%AE%A1%E5%88%B6-%E5%A5%BD%E8%B5%B0%E8%B7%AF%E6%AE%B5-%E6%AC%A1%E7%9C%8B-062535462.html,"{'name': '奇摩新聞', 'icon': 'https://encrypted-tbn1.gstatic.com/faviconV2?url=https://tw.news.yahoo.com&client=NEWS_360&size=96&type=FAVICON&fallback_opts=TYPE,SIZE,URL'}","10/03/2025, 06:25 AM, +0000 UTC",,https://s.yimg.com/ny/api/res/1.2/tqkLFIqx1Gfv.Gh0PC1GOg--/YXBwaWQ9aGlnaGxhbmRlcjt3PTY0MDtoPTQ4MA--/https://media.zenfs.com/ko/peoplenews.tw/fd4348f8147ac821a5fd75f966c34711
中秋節不約烤肉？年輕人不解「2025還有人在家烤嗎」 網曝現實原因,https://tw.news.yahoo.com/%E4%B8%AD%E7%A7%8B%E7%AF%80%E4%B8%8D%E7%B4%84%E7%83%A4%E8%82%89-%E5%B9%B4%E8%BC%95%E4%BA%BA%E4%B8%8D%E8%A7%A3-2025%E9%82%84%E6%9C%89%E4%BA%BA%E5%9C%A8%E5%AE%B6%E7%83%A4%E5%97%8E-%E7%B6%B2%E6%9B%9D%E7%8F%BE%E5%AF%A6%E5%8E%9F%E5%9B%A0-025510070.html,"{'name': '奇摩新聞', 'icon': 'https://encrypted-tbn1.gstatic.com/faviconV2?url=https://tw.news.yahoo.com&client=NEWS_360&size=96&type=FAVICON&fallback_opts=TYPE,SIZE,URL'}","10/04/2025, 03:07 AM, +0000 UTC",,https://s.yimg.com/ny/api/res/1.2/IT.Eooj_d.huSw3yoSq44A--/YXBwaWQ9aGlnaGxhbmRlcjt3PTY0MDtoPTMzNw--/https://media.zenfs.com/zh-tw/ctwant_com_582/840879b381aaa9f92c72d77ebc7b3bb1
中秋節2025｜今年被稱「超級中秋」 3生肖運勢超旺 惟3生肖則小心破財,https://ps.hket.com/article/4018586,"{'name': '地產站', 'icon': 'https://encrypted-tbn0.gstatic.com/faviconV2?url=https://ps.hket.com&client=NEWS_360&size=96&type=FAVICON&fallback_opts=TYPE,SIZE,URL'}","10/06/2025, 03:48 AM, +0000 UTC",,https://static04.hket.com/res/v3/image/content/4015000/4018586/1920x10801_1024.png
中秋節傳憾事！台中女攤商騎車與貨車碰撞 血濺路口奪命,https://video.ltn.com.tw/article/W9bQ0ROj-Aw/PLI7xntdRxhw03nlbog26AEgBkNoCHWcv-,"{'name': '自由時報', 'icon': 'https://encrypted-tbn0.gstatic.com/faviconV2?url=https://video.ltn.com.tw&client=NEWS_360&size=96&type=FAVICON&fallback_opts=TYPE,SIZE,URL'}","10/06/2025, 03:32 AM, +0000 UTC",,https://i.ytimg.com/vi/W9bQ0ROj-Aw/mqdefault.jpg
2025中秋節敬老禮金領取術！澎湖、金門、馬祖65歲以上入帳時間,https://city.gvm.com.tw/article/124799,"{'name': '城市學', 'icon': 'https://encrypted-tbn3.gstatic.com/faviconV2?url=https://city.gvm.com.tw&client=NEWS_360&size=96&type=FAVICON&fallback_opts=TYPE,SIZE,URL'}","10/03/2025, 05:11 AM, +0000 UTC",,https://imgs.gvm.com.tw/upload/gallery/20250915/214052.jpg
中秋節賀卡,https://www.mohw.gov.tw/cp-44-84140-1.html,"{'name': '衛生福利部', 'icon': 'https://encrypted-tbn2.gstatic.com/faviconV2?url=https://www.mohw.gov.tw&client=NEWS_360&size=96&type=FAVICON&fallback_opts=TYPE,SIZE,URL'}","10/03/2025, 09:08 AM, +0000 UTC",,https://www.mohw.gov.tw/Public/Images/202510/05825100317054973b.png
拜錯地基主恐家運失控？中秋節這「一位」若忘記拜，小心破財失和,https://estate.ltn.com.tw/article/25687,"{'name': '地產天下', 'icon': 'https://encrypted-tbn0.gstatic.com/faviconV2?url=https://estate.ltn.com.tw&client=NEWS_360&size=96&type=FAVICON&fallback_opts=TYPE,SIZE,URL'}","10/03/2025, 04:34 AM, +0000 UTC",,https://img.ltn.com.tw/Upload/house/page/2025/10/03/251003-25687-1-VgqVi.jpg
中秋節穩定民生物資價格及供應,https://www.ey.gov.tw/Page/448DE008087A1971/9d22ba7c-0b81-42ba-a9fd-be15901b2fc5,"{'name': 'ey.gov.tw', 'icon': 'https://encrypted-tbn2.gstatic.com/faviconV2?url=https://www.ey.gov.tw&client=NEWS_360&size=96&type=FAVICON&fallback_opts=TYPE,SIZE,URL'}","10/02/2025, 02:52 AM, +0000 UTC",,https://www.ey.gov.tw/File/70FFAB755F97E273
知道大S不愛過生日…49歲冥誕逢中秋節 網友獻祝福,https://tw.news.yahoo.com/%E7%9F%A5%E9%81%93%E5%A4%A7s%E4%B8%8D%E6%84%9B%E9%81%8E%E7%94%9F%E6%97%A5-49%E6%AD%B2%E5%86%A5%E8%AA%95%E9%80%A2%E4%B8%AD%E7%A7%8B%E7%AF%80-%E7%B6%B2%E5%8F%8B%E7%8D%BB%E7%A5%9D%E7%A6%8F-053400731.html,"{'name': '奇摩新聞', 'icon': 'https://encrypted-tbn1.gstatic.com/faviconV2?url=https://tw.news.yahoo.com&client=NEWS_360&size=96&type=FAVICON&fallback_opts=TYPE,SIZE,URL'}","10/06/2025, 05:34 AM, +0000 UTC",,https://s.yimg.com/ny/api/res/1.2/F3p8RmYUoGS1YSAW14Dnug--/YXBwaWQ9aGlnaGxhbmRlcjt3PTY0MDtoPTM2MA--/https://media.zenfs.com/zh-tw/nextapple_com_761/ca8d4f9e8aa9e5b7ca28c7aa546caa92
中秋節撞「4大吉日」這天補財庫發大財 最佳供品不只麻糬還有「它」,https://tw.news.yahoo.com/%E4%B8%AD%E7%A7%8B%E7%AF%80%E6%92%9E-4%E5%A4%A7%E5%90%89%E6%97%A5-%E9%80%99%E5%A4%A9%E8%A3%9C%E8%B2%A1%E5%BA%AB%E7%99%BC%E5%A4%A7%E8%B2%A1-%E6%9C%80%E4%BD%B3%E4%BE%9B%E5%93%81%E4%B8%8D%E5%8F%AA%E9%BA%BB%E7%B3%AC%E9%82%84%E6%9C%89-%E5%AE%83-053700987.html,"{'name': '奇摩新聞', 'icon': 'https://encrypted-tbn1.gstatic.com/faviconV2?url=https://tw.news.yahoo.com&client=NEWS_360&size=96&type=FAVICON&fallback_opts=TYPE,SIZE,URL'}","10/03/2025, 05:37 AM, +0000 UTC",,https://s.yimg.com/ny/api/res/1.2/aE5ukGY4KhvpHJ0PuTn2lg--/YXBwaWQ9aGlnaGxhbmRlcjt3PTY0MDtoPTM2MQ--/https://media.zenfs.com/zh-tw/setn.com.tw/5d414e9e42133084b0b631b318e1a99f
新竹400人組「鏟子超人專車」中秋節至花蓮災區清理重建,https://udn.com/news/story/124616/9052674,"{'name': '聯合新聞網', 'icon': 'https://encrypted-tbn3.gstatic.com/faviconV2?url=https://udn.com&client=NEWS_360&size=96&type=FAVICON&fallback_opts=TYPE,SIZE,URL'}","10/06/2025, 04:19 AM, +0000 UTC",,https://pgw.udn.com.tw/gw/photo.php?u=https://uc.udn.com.tw/photo/2025/10/06/realtime/33294324.jpg&x=0&y=0&sw=0&sh=0&sl=W&fw=800&exp=3600
2025連假國道高乘載管制必知！中秋節、國慶日暫停收費、優惠時段、匝道封閉、替代道路一次看,https://www.businesstoday.com.tw/article/category/183030/post/202509190024/,"{'name': '今周刊', 'icon': 'https://encrypted-tbn0.gstatic.com/faviconV2?url=https://www.businesstoday.com.tw&client=NEWS_360&size=96&type=FAVICON&fallback_opts=TYPE,SIZE,URL'}","10/03/2025, 07:00 AM, +0000 UTC",,https://doqvf81n9htmm.cloudfront.net/data/crop_article/178590/shutterstock_1432996856_20250919155317.jpg_1140x855.jpg
中秋節送禮禁忌多！送醉雞、芭樂注意收禮對象 上班族票選最雷禮物曝光,https://tw.stock.yahoo.com/news/%E4%B8%AD%E7%A7%8B%E7%AF%80%E9%80%81%E7%A6%AE%E7%A6%81%E5%BF%8C%E5%A4%9A%EF%BC%81%E9%80%81%E9%86%89%E9%9B%9E%E3%80%81%E8%8A%AD%E6%A8%82%E6%B3%A8%E6%84%8F%E6%94%B6%E7%A6%AE%E5%B0%8D%E8%B1%A1-%E4%B8%8A%E7%8F%AD%E6%97%8F%E7%A5%A8%E9%81%B8%E6%9C%80%E9%9B%B7%E7%A6%AE%E7%89%A9%E6%9B%9D%E5%85%89-073642573.html,"{'name': '奇摩股市', 'icon': 'https://encrypted-tbn1.gstatic.com/faviconV2?url=https://tw.stock.yahoo.com&client=NEWS_360&size=96&type=FAVICON&fallback_opts=TYPE,SIZE,URL'}","10/01/2025, 07:36 AM, +0000 UTC",,https://s.yimg.com/ny/api/res/1.2/_IUlazP31FalCgH60E8XeQ--/YXBwaWQ9aGlnaGxhbmRlcjt3PTY0MDtoPTQwMA--/https://s.yimg.com/os/creatr-uploaded-images/2025-10/e80e8a50-9e98-11f0-affd-002ed2007eef
【2025中秋節】中秋連假去哪玩？全台熱門景點、活動總整理一次看,https://www.womenshealthmag.com/tw/mental/gotravel/g65787098/2025-moon-festival-holiday/,"{'name': ""Women's Health"", 'icon': 'https://encrypted-tbn1.gstatic.com/faviconV2?url=https://www.womenshealthmag.com&client=NEWS_360&size=96&type=FAVICON&fallback_opts=TYPE,SIZE,URL', 'authors': ['麗莎·霍']}","10/03/2025, 07:00 AM, +0000 UTC",,"https://hips.hearstapps.com/hmg-prod/images/mom-daughter-taking-selfie-against-a-ferris-wheel-royalty-free-image-1755239454.pjpeg?crop=0.669xw:1.00xh;0.162xw,0&resize=640:*"
華新科技高雄廠房中秋節傳火警 5樓燃燒粉末員工摀鼻急撤離,https://udn.com/news/story/7320/9052351,"{'name': '聯合新聞網', 'icon': 'https://encrypted-tbn3.gstatic.com/faviconV2?url=https://udn.com&client=NEWS_360&size=96&type=FAVICON&fallback_opts=TYPE,SIZE,URL'}","10/06/2025, 04:12 AM, +0000 UTC",,https://pgw.udn.com.tw/gw/photo.php?u=https://uc.udn.com.tw/photo/2025/10/06/realtime/33293304.jpg&x=0&y=0&sw=0&sh=0&sl=W&fw=800&exp=3600
整理包／中秋節全台烤肉！各縣市限時開烤區總覽 誤踩禁地最高罰百萬,https://udn.com/news/story/7266/9043538,"{'name': '聯合新聞網', 'icon': 'https://encrypted-tbn3.gstatic.com/faviconV2?url=https://udn.com&client=NEWS_360&size=96&type=FAVICON&fallback_opts=TYPE,SIZE,URL'}","10/02/2025, 05:23 AM, +0000 UTC",,https://pgw.udn.com.tw/gw/photo.php?u=https://uc.udn.com.tw/photo/2025/10/01/0/33254607.jpg&x=0&y=0&sw=0&sh=0&sl=W&fw=800&exp=3600
中秋變盤不用怕 近十年台股中秋後股市表現佳,https://udn.com/news/story/7251/9052719,"{'name': '聯合新聞網', 'icon': 'https://encrypted-tbn3.gstatic.com/faviconV2?url=https://udn.com&client=NEWS_360&size=96&type=FAVICON&fallback_opts=TYPE,SIZE,URL'}","10/06/2025, 04:37 AM, +0000 UTC",,https://pgw.udn.com.tw/gw/photo.php?u=https://uc.udn.com.tw/photo/2025/10/06/realtime/33294444.jpg&x=0&y=0&sw=0&sh=0&sl=W&fw=800&exp=3600
